Variant	Pathogenic	Benign
copy_number_gain	1.1815582390056e-05	8.1083272520879e-06
Deletion	0.224933241959496	0.0309900267574799
Duplication	0.0795070539026869	0.0157869131598151
Indel	0.0198619939976841	0.00275683126570988
Insertion	0.0184441241108774	0.00456498824292548
Inversion	0.000165418153460784	0.00015405821778967
Microsatellite	9.4524659120448e-05	2.43249817562637e-05
single_nucleotide_variant	0.656970012051894	0.945706640720019
Variation	1.1815582390056e-05	8.1083272520879e-06
