Class	Probability
Affects	0.000297506841374995
association	0.000389836550767234
risk factor	0.00134903964278661
protective	0.00013849456408836
Benign	0.316283113665566
other	0.00482679202989431
Likely benign	0.240144444700916
drug response	0.000969461948618517
Likely pathogenic	0.0729789411321161
not provided	0.0246315146945297
Pathogenic	0.217038934925508
Uncertain significance	0.433529021022962
